MouseID,Age,Treatment,Tissue,Sex,Raw_reads,DCS_reads,Mapped_DCS,%_mapped_DCS,Peak_Family_Size,Mean_Insert_Size,DCS_Mean_Depth,Nucleotides_Sequenced,A's_Sequenced,T's_Sequenced,C's_Sequenced,G's_Sequenced,Total_A/T,Total_C/G,Total_SNVs,Total_SNV_Freq,Total_InDels,Total_InDel_Freq,A>T_Count,A>C_Count,A>G_Count,T>A_Count,T>C_Count,T>G_Count,C>A_Count,C>T_Count,C>G_Count,G>A_Count,G>T_Count,G>C_Count,ins_Count,dels_Count,A>T/T>A_Count,A>C/T>G_Count,A>G/T>C_Count,C>A/G>T_Count,C>T/G>A_Count,C>G/G>C_Count,A>T/T>A_Freq,A>C/T>G_Freq,A>G/T>C_Freq,C>A/G>T_Freq,C>T/G>A_Freq,C>G/G>C_Freq
G133p4_M,0.66,NT,M,,15953824,535802,164526,0.307064923236569,4,394.644393514719,1812.19320203693,29536937,10211810,8562282,7208853,3553992,18774092,10762845,21,7.10974194785329E-07,2,6.77118280747933E-08,1,0,4,0,2,0,0,4,3,3,2,2,1,1,1,0,6,2,7,5,5.32648929173246E-08,0,3.19589357503947E-07,1.85824472990181E-07,6.50385655465632E-07,4.64561182475451E-07
G133p4_Br,0.66,NT,Br,,17698544,665868,148350,0.222791904701833,7,398.791011574229,1641.41793975091,26752888,9225876,7723178,6540475,3263359,16949054,9803834,15,5.60687130301596E-07,5,1.86895710100532E-07,0,0,2,0,1,0,1,2,0,7,1,1,1,4,0,0,3,2,9,1,0,0,1.77001029083983E-07,2.04001822144275E-07,9.18008199649239E-07,1.02000911072138E-07
G133p3_M,0.66,NT,M,,15368576,579886,194173,0.334846849208293,4,385.734387086793,2111.15068409105,34409645,11903361,9944511,8408170,4153603,21847872,12561773,18,5.23109145706095E-07,5,1.45308096029471E-07,2,0,2,0,1,0,1,1,0,10,1,0,1,4,2,0,3,2,11,0,9.1542096182182E-08,0,1.37313144273273E-07,1.59213193870005E-07,8.7567256628503E-07,0
G133p3_Br,0.66,NT,Br,,15877408,550226,304866,0.554074144078979,10,388.823747872286,3244.66501012332,52884795,18217063,15233287,12926658,6507787,33450350,19434445,31,5.86179827301968E-07,6,1.13454160122962E-07,1,0,2,2,3,0,3,5,2,13,0,0,2,4,3,0,5,3,18,2,8.96851602449601E-08,0,1.49475267074933E-07,1.54365097639783E-07,9.261905858387E-07,1.02910065093189E-07
G133p2_M,0.66,NT,M,,8622410,143157,67421,0.470958458196246,30,404.604543896282,744.391803178109,12132842,4185370,3480560,2976717,1490195,7665930,4466912,14,1.15389288016773E-06,3,2.47262760035942E-07,0,0,0,1,2,0,1,1,3,6,0,0,2,1,1,0,2,1,7,3,1.30447316894362E-07,0,2.60894633788725E-07,2.23868300964962E-07,1.56707810675473E-06,6.71604902894886E-07
G133p1_M,0.66,NT,M,,10610940,313260,85818,0.273951350316031,13,349.613120289713,843.792195840236,13752969,4746127,3943102,3365206,1698534,8689229,5063740,9,6.54404150841902E-07,4,2.90846289263068E-07,0,0,0,0,1,0,0,1,0,3,4,0,2,2,0,0,1,4,4,0,0,0,1.15085009268371E-07,7.8992997270792E-07,7.8992997270792E-07,0
G133p1_Br,0.66,NT,Br,,10673238,381564,55012,0.144175026994161,7,356.409075030082,556.667341554697,9073121,3123048,2609647,2222466,1117960,5732695,3340426,5,5.51078289378043E-07,1,1.10215657875609E-07,0,0,1,0,0,0,0,1,0,2,1,0,1,0,0,0,1,1,3,0,0,0,1.74438026094184E-07,2.99363015375883E-07,8.9808904612765E-07,0
G133_M,10,NT,M,,14094222,497613,173399,0.348461555465794,8,368.31043365075,1789.93465856801,29174145,10055035,8413285,7145436,3560389,18468320,10705825,66,2.26227709500998E-06,21,7.19815439321358E-07,0,0,2,2,11,0,3,7,2,37,2,0,6,15,2,0,13,5,44,2,1.08293553501347E-07,0,7.03908097758757E-07,4.67035469008694E-07,4.10991212727651E-06,1.86814187603478E-07
G133_Br,10,NT,Br,,18244556,527310,142054,0.269393715271851,13,343.952236053481,1349.14786183201,21989761,7583233,6313520,5359589,2733419,13896753,8093008,55,2.50116406449347E-06,9,4.09281392371659E-07,2,1,3,0,6,0,3,11,1,26,1,1,2,7,2,1,9,4,37,2,1.43918511036355E-07,7.19592555181775E-08,6.47633299663598E-07,4.94253805260047E-07,4.57184769865543E-06,2.47126902630023E-07
G132p9_Br,0.66,NT,Br,,9136786,116398,83236,0.715098197563532,41,391.441241131208,885.239217129885,14428514,4971423,4139453,3541868,1775770,9110876,5317638,10,6.93072065494756E-07,3,2.07921619648427E-07,0,0,0,0,1,0,2,1,0,5,1,0,3,0,0,0,1,3,6,0,0,0,1.09758929876776E-07,5.64160253104856E-07,1.12832050620971E-06,0
G132p8_M,0.66,NT,M,,13097610,478363,134382,0.280920556146692,8,362.292223716478,1373.99159457635,22394689,7722162,6435158,5478730,2758639,14157320,8237369,19,8.48415443500912E-07,1,4.46534443947849E-08,1,0,0,0,3,0,2,1,1,11,0,0,0,1,1,0,3,2,12,1,7.06348376670161E-08,0,2.11904513001048E-07,2.42795970412397E-07,1.45677582247438E-06,1.21397985206199E-07
G132p7_M,0.66,NT,M,,8132116,58146,37323,0.641884222474461,98,404.695939143081,404.597766734156,6590998,2263817,1898021,1621334,807826,4161838,2429160,4,6.06888365009366E-07,2,3.03444182504683E-07,0,0,1,0,0,0,1,0,0,2,0,0,1,1,0,0,1,1,2,0,0,0,2.40278453894649E-07,4.11664937673929E-07,8.23329875347857E-07,0
G132p7_Br_2,0.66,NT,Br,,15509454,560311,293505,0.523825161383589,9,428.991722116603,3322.27388183324,54149742,18665339,15612884,13255316,6616203,34278223,19871519,34,6.27888494833456E-07,9,1.6620577804415E-07,1,1,0,0,7,0,9,1,0,8,5,2,3,6,1,1,7,14,9,2,2.9173040854539E-08,2.9173040854539E-08,2.04211285981773E-07,7.04525909670016E-07,4.52909513359296E-07,1.00646558524288E-07
G132p7_Br_1,0.66,NT,Br,,9897734,30418,19967,0.656420540469459,152,455.704499947307,218.938278421989,3560180,1224922,1022604,874505,438149,2247526,1312654,6,1.68530804622238E-06,1,2.80884674370397E-07,0,0,0,0,0,0,2,0,0,4,0,0,0,1,0,0,0,2,4,0,0,0,0,1.52363075113472E-06,3.04726150226945E-06,0
G132p6_M,0.66,NT,M,,11812940,199396,120032,0.601977973479909,29,387.631071347599,1276.94876986318,20812988,7171915,5972352,5103951,2564770,13144267,7668721,17,8.16797664996492E-07,3,1.44140764411146E-07,0,0,3,0,0,0,1,5,0,5,3,0,1,2,0,0,3,4,10,0,0,0,2.28236386251131E-07,5.21599364483334E-07,1.30399841120834E-06,0
G132p6_Br,0.66,NT,Br,,32800190,780158,79250,0.101581987238482,16,309.567877221497,674.257991287809,10987295,3786280,3145342,2675646,1380027,6931622,4055673,2,1.82028424648651E-07,1,9.10142123243255E-08,0,0,0,0,0,0,1,0,0,0,1,0,0,1,0,0,0,2,0,0,0,0,0,4.93136404241664E-07,0,0
G132p5_M_2,0.66,NT,M,,9047802,215365,109061,0.506400761497922,19,380.709713470914,1154.30934413154,18814088,6495902,5401664,4612069,2304453,11897566,6916522,12,6.37819914523627E-07,4,2.12606638174542E-07,0,0,0,0,2,0,0,0,1,7,0,2,3,1,0,0,2,0,7,3,0,0,1.6810161002679E-07,0,1.01206936087242E-06,4.33744011802464E-07
G132p5_M_1,0.66,NT,M,,5228800,90690,37466,0.413121623111699,22,414.29805488629,404.944291060801,6596194,2274144,1895444,1614875,811731,4169588,2426606,8,1.21282060533696E-06,1,1.5160257566712E-07,0,0,0,0,0,0,2,0,0,5,1,0,1,0,0,0,0,3,5,0,0,0,0,1.23629464362983E-06,2.06049107271638E-06,0
G132p5_Br_2,0.66,NT,Br,,9755860,285775,9087,0.0317977429796168,5,404.927229488704,98.2667648321983,834042,283388,244425,201622,104607,527813,306229,0,0,1,1.19898038707883E-06,0,0,0,0,0,0,0,0,0,0,0,0,1,0,0,0,0,0,0,0,0,0,0,0,0,0
G132p4_Br_2,0.66,NT,Br,,5776506,183201,87094,0.47540133514555,9,451.05479996029,978.881771887846,15954794,5500729,4586576,3897852,1969637,10087305,5867489,7,4.38739603908393E-07,3,1.88031258817883E-07,0,0,0,0,2,0,1,0,1,3,0,0,2,1,0,0,2,1,3,1,0,0,1.98269012387352E-07,1.7043065611201E-07,5.11291968336029E-07,1.7043065611201E-07
G132p4_Br_1,0.66,NT,Br,,6220598,101368,47485,0.468441717307237,26,389.489687995769,507.264187986993,8267899,2845410,2375776,2030072,1016641,5221186,3046713,2,2.4189942329968E-07,1,1.2094971164984E-07,0,0,0,0,0,0,0,0,0,1,0,1,0,1,0,0,0,0,1,1,0,0,0,0,3.28222579547204E-07,3.28222579547204E-07
G132p3_M_1,0.66,NT,M,,4422830,124161,43002,0.346340638364704,13,382.996601152653,458.521258972943,7473438,2571687,2148602,1833744,919405,4720289,2753149,6,8.0284335000839E-07,2,2.67614450002797E-07,0,0,0,1,0,0,1,1,0,3,0,0,1,1,1,0,0,1,4,0,2.11851435367623E-07,0,0,3.63220443208849E-07,1.4528817728354E-06,0
G132p3_Br_2,0.66,NT,Br,,5973082,131577,69436,0.527721410276872,20,481.788372021332,798.368611571262,13012610,4473016,3742868,3196330,1600396,8215884,4796726,11,8.45333872297717E-07,2,1.53697067690494E-07,0,0,0,0,1,0,2,2,0,5,0,1,1,1,0,0,1,2,7,1,0,0,1.21715447783829E-07,4.16951062036898E-07,1.45932871712914E-06,2.08475531018449E-07
G132p3_Br_1,0.66,NT,Br,,7988322,31477,16105,0.511643422181275,193,416.264014466546,177.354622983005,2876559,992342,825105,706641,352471,1817447,1059112,1,3.47637576701886E-07,0,0,0,0,0,0,0,0,0,0,0,1,0,0,0,0,0,0,0,0,1,0,0,0,0,0,9.44187205885685E-07,0
G132p2_M,0.66,NT,M,,10488238,430656,245939,0.571079933868331,6,347.427724645479,2426.95478250199,39556936,13634689,11373838,9683311,4865098,25008527,14548409,24,6.06720399173485E-07,6,1.51680099793371E-07,0,0,0,0,3,0,5,3,2,8,3,0,5,1,0,0,3,8,11,2,0,0,1.19959084355508E-07,5.49888307374367E-07,7.56096422639754E-07,1.37472076843592E-07
G132p2_Br_2,0.66,NT,Br,,5526748,202919,134982,0.665201385774619,8,455.500056898542,1536.76415731026,25047719,8616626,7217981,6139835,3073277,15834607,9213112,13,5.19009335740312E-07,6,2.39542770341683E-07,0,0,2,0,2,0,1,1,1,6,0,0,2,4,0,0,4,1,7,1,0,0,2.52611258365932E-07,1.08540957713311E-07,7.59786703993178E-07,1.08540957713311E-07
G132p2_Br_1,0.66,NT,Br,,7091920,40807,26848,0.657926336167814,104,404.171698405326,289.142155960488,4712728,1623204,1354723,1154148,580653,2977927,1734801,2,4.24382650558233E-07,0,0,0,0,0,0,0,0,1,0,0,1,0,0,0,0,0,0,0,1,1,0,0,0,0,5.76434991679161E-07,5.76434991679161E-07,0
G132p1_Br_1,0.66,NT,Br,,12311266,91685,45572,0.497049680972896,83,400.30087931113,490.333333333333,7991943,2745536,2299000,1962864,984543,5044536,2947407,8,1.00100814032332E-06,0,0,0,0,3,0,1,0,0,0,1,3,0,0,0,0,0,0,4,0,3,1,0,0,7.929371502156E-07,0,1.01784382000857E-06,3.3928127333619E-07
G140p7_M,0.66,NT,M,,8889190,143237,77727,0.542646104009439,79,451.900261248186,913.498558193754,14889113,5112388,4293206,3667414,1816105,9405594,5483519,13,8.73121185929612E-07,2,1.34326336296863E-07,1,0,1,0,1,0,2,0,0,5,3,0,1,1,1,0,2,5,5,0,1.06319707187021E-07,0,2.12639414374042E-07,9.11823228842647E-07,9.11823228842647E-07,0
G140p7_Li,0.66,NT,Li,,23319476,776228,336600,0.433635478235776,10,370.804386781402,3350.15289281551,54604142,18838810,15681540,13331496,6752296,34520350,20083792,34,6.22663386964308E-07,4,7.32545161134479E-08,1,0,1,0,7,0,4,3,1,15,2,0,2,2,1,0,8,6,18,1,2.89684200768532E-08,0,2.31747360614826E-07,2.98748363854794E-07,8.96245091564382E-07,4.9791393975799E-08
G140p6_Li,0.66,NT,Li,,22438946,896929,485437,0.541221211489427,7,418.876351930753,5348.41554696607,87173825,30002336,25087197,21347655,10736637,55089533,32084292,28,3.21197331882592E-07,9,1.0324199953369E-07,1,0,1,0,4,0,5,3,1,11,2,0,5,4,1,0,5,7,14,1,1.8152268598828E-08,0,9.07613429941401E-08,2.18175298990547E-07,4.36350597981093E-07,3.11678998557924E-08
G140p6_Br,0.66,NT,Br,,14338084,394392,297483,0.754282541228017,7,474.943336763108,3476.77814589852,56668007,19490346,16309527,13918262,6949872,35799873,20868134,37,6.52925732856636E-07,8,1.41173131428462E-07,0,0,3,0,4,0,7,6,0,14,2,1,5,3,0,0,7,9,20,1,0,0,1.95531419901964E-07,4.31279576793977E-07,9.58399059542171E-07,4.79199529771085E-08
G140p5_M,0.66,NT,M,,15306244,350815,167932,0.478691047988256,5,472.470310844681,1970.81790293883,32122361,11018248,9253889,7914556,3935668,20272137,11850224,15,4.66964430167509E-07,9,2.80178658100505E-07,1,0,1,1,2,0,3,1,1,3,2,0,5,4,2,0,3,5,4,1,9.86575810927087E-08,0,1.47986371639063E-07,4.21932952491025E-07,3.3754636199282E-07,8.43865904982049E-08
G140p5_Br,0.66,NT,Br,,10012502,195422,143548,0.734553939679258,14,462.391963166944,1661.74912571323,27084849,9231161,7822403,6692940,3338345,17053564,10031285,15,5.53815160645718E-07,5,1.84605053548573E-07,0,0,0,0,1,0,1,2,0,9,1,1,4,1,0,0,1,2,11,1,0,0,5.8638768998668E-08,1.99376251397503E-07,1.09656938268627E-06,9.96881256987515E-08
G140p1_Br,0.66,NT,Br,,7560126,264965,69343,0.261706263091352,3,362.364158770027,734.581814835266,11970178,4137878,3458671,2924702,1448927,7596549,4373629,7,5.84786625562293E-07,1,8.3540946508899E-08,0,0,0,0,1,0,1,0,0,5,0,0,1,0,0,0,1,1,5,0,0,0,1.31638721740622E-07,2.28643078779659E-07,1.14321539389829E-06,0
G140_M,10,NT,M,,13171464,347781,218236,0.627509840963135,7,491.713359030728,2563.99791398245,41790602,14359955,12030765,10266730,5133152,26390720,15399882,67,1.60323127194961E-06,18,4.30718849180493E-07,0,0,1,1,9,0,5,5,0,40,5,1,6,12,1,0,10,10,45,1,3.78921075287071E-08,0,3.78921075287071E-07,6.49355624932711E-07,2.9221003121972E-06,6.49355624932711E-08
G139p2_M_2,0.66,NT,M,,12555174,353666,35712,0.100976627665651,5,400.534388916378,385.405178231793,6281719,2163523,1807331,1536844,774021,3970854,2310865,8,1.27353675005202E-06,2,3.18384187513004E-07,0,0,0,0,1,0,3,0,0,3,1,0,1,1,0,0,1,4,3,0,0,0,2.5183499569614E-07,1.73095356067966E-06,1.29821517050974E-06,0
G132_M,10,NT,M,,6963350,272905,216157,0.79205950788736,7,352.797382702821,2166.94735873366,35319075,12175493,10161712,8647316,4334554,22337205,12981870,55,1.55723217553121E-06,20,5.66266245647713E-07,0,0,3,0,7,0,5,5,1,33,1,0,4,16,0,0,10,6,38,1,0,0,4.4768358440548E-07,4.62183029101355E-07,2.92715918430858E-06,7.70305048502257E-08
G139p2_M_1,0.66,NT,M,,18154502,439048,57873,0.131814744629289,6,466.734514575598,657.602490950365,10718263,3694906,3075414,2629778,1318165,6770320,3947943,9,8.39688296508492E-07,2,1.86597399224109E-07,0,0,0,0,1,0,3,1,0,3,1,0,1,1,0,0,1,4,4,0,0,0,1.47703505890416E-07,1.01318585400043E-06,1.01318585400043E-06,0
G139p2_Br_2,0.66,NT,Br,,15910388,456409,56710,0.124252589234656,8,362.591497296289,551.796981409902,8993739,3096245,2583801,2191955,1121738,5680046,3313693,17,1.89020384069407E-06,3,3.33565383651894E-07,1,0,0,0,3,0,2,1,0,7,2,1,1,2,1,0,3,4,8,1,1.76054912231345E-07,0,5.28164736694034E-07,1.2071124271319E-06,2.41422485426381E-06,3.01778106782976E-07
G139p2_Br_1,0.66,NT,Br,,12285852,254247,41000,0.161260506515318,9,458.628606569979,457.093809436162,7447042,2562913,2139861,1823781,920487,4702774,2744268,7,9.39970527895505E-07,2,2.68563007970144E-07,0,0,0,0,0,0,2,0,0,3,1,1,1,1,0,0,0,3,3,1,0,0,0,1.09318769158114E-06,1.09318769158114E-06,3.64395897193714E-07
G139p1_M,0.66,NT,M,,17309982,387855,124617,0.321297907723247,6,485.822971422701,1418.80882262716,23125165,7959157,6652849,5675508,2837651,14612006,8513159,14,6.05401085786847E-07,8,3.45943477592484E-07,0,0,0,0,2,0,3,0,0,7,1,1,2,6,0,0,2,4,7,1,0,0,1.36873746150939E-07,4.69860835443106E-07,8.22256462025436E-07,1.17465208860777E-07
G139p1_Li,0.66,NT,Li,,18849604,664728,142881,0.214946564609885,8,484.854700986675,1665.34413154181,27143444,9346276,7814819,6636961,3345388,17161095,9982349,14,5.15778322013964E-07,6,2.21047852291699E-07,0,0,0,0,5,0,1,0,0,8,0,0,3,3,0,0,5,1,8,0,0,0,2.91356699557925E-07,1.00176822108704E-07,8.01414576869633E-07,0
G139p1_Br,0.66,NT,Br,,7149668,136715,83821,0.613107559521633,14,533.845034419923,990.283821093319,16140636,5551679,4645144,3969927,1973886,10196823,5943813,15,9.29331409245584E-07,4,2.47821709132156E-07,1,0,0,0,1,0,3,2,1,6,1,0,1,3,1,0,1,4,8,1,9.80697615325872E-08,0,9.80697615325872E-08,6.72968681888209E-07,1.34593736377642E-06,1.68242170472052E-07
G139_M,10,NT,M,,16563978,427765,285884,0.668320222552102,5,453.593872562086,3310.71133198356,53961284,18501193,15570219,13296298,6593574,34071412,19889872,61,1.13044011332273E-06,22,4.0769971300164E-07,0,0,5,0,7,0,9,4,1,32,3,0,5,17,0,0,12,12,36,1,0,0,3.52201429162959E-07,6.03322132993113E-07,1.80996639897934E-06,5.02768444160928E-08
G139_Ht,10,NT,Ht,,6184890,167011,107517,0.643771967115938,13,522.729704872466,1269.9155776428,20698354,7117805,5966929,5081254,2532366,13084734,7613620,20,9.66260408919473E-07,6,2.89878122675842E-07,0,0,0,0,2,0,5,0,0,12,1,0,1,5,0,0,2,6,12,0,0,0,1.52849878339139E-07,7.88061395236432E-07,1.57612279047286E-06,0
G139_Br,10,NT,Br,,14318988,356485,229031,0.642470230163962,4,446.022906077454,2645.6289956439,43121107,14826465,12426356,10605876,5262410,27252821,15868286,66,1.53057295119998E-06,22,5.10190983733326E-07,0,0,1,0,9,0,3,13,1,37,2,0,5,17,0,0,10,5,50,1,0,0,3.6693449092848E-07,3.15093892308218E-07,3.15093892308218E-06,6.30187784616436E-08
G137p5_M,0.66,NT,M,,14638818,326998,203789,0.623211762763075,11,488.427194649552,2373.64273881833,38688003,13310791,11122396,9496673,4758143,24433187,14254816,22,5.68651734233995E-07,3,7.75434183046357E-08,0,0,1,0,3,0,6,4,0,3,3,2,3,0,0,0,4,9,7,2,0,0,1.63711758109984E-07,6.31365567959629E-07,4.91062108413045E-07,1.40303459546584E-07
G137p5_Br,0.66,NT,Br,,10581640,291068,172664,0.593208459878791,6,505.277918146795,2051.32640039266,33434569,11490692,9638020,8224222,4081635,21128712,12305857,18,5.38364947967476E-07,5,1.49545818879855E-07,0,0,3,0,5,0,3,1,0,5,1,0,2,3,0,0,8,4,6,0,0,0,3.78631693214428E-07,3.25048470821658E-07,4.87572706232488E-07,0
G137p4_M,0.66,NT,M,,6536898,180007,51128,0.284033398701162,13,441.995944776051,583.347690042334,9504669,3274384,2744054,2326674,1159557,6018438,3486231,7,7.36480144653117E-07,2,2.10422898472319E-07,0,0,0,0,4,0,0,0,0,3,0,0,1,1,0,0,4,0,3,0,0,0,6.64624276265702E-07,0,8.60528174983241E-07,0
G137p4_Br,0.66,NT,Br,,15430352,297496,163040,0.548040982063624,23,481.810120628597,1906.7872262102,31077245,10690517,8960706,7625918,3800104,19651223,11426022,13,4.18312498421273E-07,4,1.28711537975776E-07,0,1,0,0,3,0,2,1,0,5,1,0,1,3,0,1,3,3,6,0,0,5.08874180502659E-08,1.52662254150798E-07,2.62558570253059E-07,5.25117140506118E-07,0
G137p3_Li,0.66,NT,Li,,9838416,297479,129413,0.435032388840893,3,399.731628876352,1426.64826062949,23252940,8013218,6707728,5679234,2852760,14720946,8531994,16,6.88085033548446E-07,4,1.72021258387111E-07,0,0,1,0,3,0,0,1,1,9,1,0,2,2,0,0,4,1,10,1,0,0,2.71721667887376E-07,1.17205895831619E-07,1.17205895831619E-06,1.17205895831619E-07
G137p3_M,0.66,NT,M,,10290200,246594,76002,0.308207012336067,10,529.196890320773,901.749187066691,14697610,5052391,4227656,3610457,1807106,9280047,5417563,13,8.84497547560454E-07,4,2.72153091557063E-07,0,0,0,0,1,0,0,1,1,7,2,1,2,2,0,0,1,2,8,2,0,0,1.07758074932164E-07,3.69169680168002E-07,1.47667872067201E-06,3.69169680168002E-07
G137p3_Br,0.66,NT,Br,,4816654,88757,23420,0.263866511937087,3,479.0342997543,280.753727222529,4568842,1576192,1312822,1122400,557428,2889014,1679828,3,6.56621524666425E-07,1,2.18873841555475E-07,0,0,0,0,1,0,1,0,0,1,0,0,1,0,0,0,1,1,1,0,0,0,3.46138855678789E-07,5.9529904252102E-07,5.9529904252102E-07,0
G131p3_M_1,0.66,NT,M,,1572724,55307,13597,0.245845914622019,5,287.078768349445,118.500521504387,1754779,599725,505502,432825,216727,1105227,649552,2,1.13974466300315E-06,1,5.69872331501574E-07,0,0,0,0,1,0,1,0,0,0,0,0,1,0,0,0,1,1,0,0,0,0,9.04791504369691E-07,1.53952262482449E-06,0,0
G137p1_M_2,0.66,NT,M,,7676440,193934,54999,0.283596481277135,18,383.971676146124,586.317381434444,9556387,3298025,2745186,2340996,1172180,6043211,3513176,7,7.32494404004359E-07,0,0,0,0,2,0,2,0,1,0,0,2,0,0,0,0,0,0,4,1,2,0,0,0,6.61899774805149E-07,2.84642727833732E-07,5.69285455667465E-07,0
G137p1_Br_2,0.66,NT,Br,,14912084,391460,214367,0.547608951106116,15,380.224438681431,2273.14835265967,37050045,12761309,10658818,9072557,4557361,23420127,13629918,15,4.04857807865011E-07,8,2.15924164194672E-07,1,0,1,0,0,0,3,0,0,7,2,1,3,5,1,0,1,5,7,1,4.26983167085302E-08,0,4.26983167085302E-08,3.66840064628415E-07,5.13576090479781E-07,7.3368012925683E-08
G137p1_Br_1,0.66,NT,Br,,15697056,49886,19721,0.395321332638416,148,455.503373674628,215.198294373888,3498129,1203765,1004679,857854,431831,2208444,1289685,3,8.5760130629831E-07,2,5.71734204198873E-07,0,0,0,0,0,0,1,0,0,1,1,0,1,1,0,0,0,2,1,0,0,0,0,1.55076627238434E-06,7.75383136192171E-07,0
G131p3_Br,0.66,NT,Br,,10709700,388228,138793,0.357503837950895,7,444.509452076315,1601.44640775508,26100406,8996865,7542098,6388106,3173337,16538963,9561443,9,3.44822222305661E-07,3,1.14940740768554E-07,0,0,0,0,0,0,2,0,0,4,3,0,1,2,0,0,0,5,4,0,0,0,0,5.22933619956737E-07,4.18346895965389E-07,0
G137_Br,10,NT,Br,,16017878,315056,89269,0.283343278655223,3,446.376615251342,1013.88723234554,16525348,5679593,4749350,4047873,2048532,10428943,6096405,26,1.57334054326723E-06,9,5.44617880361733E-07,0,0,1,0,2,0,2,3,0,17,0,1,4,5,0,0,3,2,20,1,0,0,2.87660983476465E-07,3.28062194030744E-07,3.28062194030744E-06,1.64031097015372E-07
G131p2_M,0.66,NT,M,,26503468,621340,168199,0.270703640518879,17,396.961425148289,1775.80593901466,28943861,9987145,8317621,7076200,3562895,18304766,10639095,14,4.83694970757357E-07,2,6.90992815367653E-08,0,0,2,0,1,0,2,1,0,5,1,2,2,0,0,0,3,3,6,2,0,0,1.63891742729735E-07,2.81978871323172E-07,5.63957742646344E-07,1.87985914215448E-07
G136_M,10,NT,M,,12919470,231951,57991,0.250014011580032,10,450.828291235435,624.871648567397,10184783,3511277,2918757,2493118,1261631,6430034,3754749,22,2.16008529587719E-06,6,5.89114171602871E-07,0,0,2,0,1,0,1,4,0,14,0,0,4,2,0,0,3,1,18,0,0,0,4.66560518964597E-07,2.66329387130804E-07,4.79392896835448E-06,0
G136_Li,10,NT,Li,,18978950,701702,442349,0.630394383940761,8,434.558593692441,4948.87643413706,80661737,27754148,23203993,19743234,9960362,50958141,29703596,258,3.1985425753973E-06,67,8.30629273455889E-07,1,11,24,0,47,4,7,18,1,143,2,0,11,56,1,15,71,9,161,1,1.96239497826265E-08,2.94359246739397E-07,1.39330043456648E-06,3.02993617338453E-07,5.4202191546101E-06,3.36659574820503E-08
G136_Br,10,NT,Br,,17050422,421068,168387,0.39990452848471,6,407.558774554606,1721.61230750353,28060559,9667076,8055528,6857480,3480475,17722604,10337955,56,1.99568369254511E-06,15,5.34558131931727E-07,2,0,0,1,8,0,4,9,1,28,1,2,3,12,3,0,8,5,37,3,1.69275350281482E-07,0,4.51400934083953E-07,4.83654649299596E-07,3.57904440481701E-06,2.90192789579757E-07
G131p2_Br,0.66,NT,Br,,4951720,188979,34856,0.184443774175967,5,381.639115250291,381.934229093809,6219779,2149379,1795658,1518041,756701,3945037,2274742,2,3.21554833379128E-07,1,1.60777416689564E-07,0,0,0,0,0,0,0,0,0,2,0,0,1,0,0,0,0,0,2,0,0,0,0,0,8.79220588532678E-07,0
G134_Br,10,NT,Br,,3299818,88440,11512,0.130167345092718,12,321.57702020202,98.4507024970857,833204,275368,237104,205768,114964,512472,320732,5,6.00093134454467E-06,1,1.20018626890893E-06,0,0,0,0,0,0,1,0,0,4,0,0,0,1,0,0,0,1,4,0,0,0,0,3.11786787723083E-06,1.24714715089233E-05,0
G131p1_M,0.66,NT,M,,13657964,149851,90788,0.605855149448452,40,518.111577262586,1074.76452543101,17514957,6020290,5048541,4303518,2142608,11068831,6446126,7,3.99658417659832E-07,5,2.85470298328452E-07,0,0,1,1,0,0,1,0,0,2,1,1,2,3,1,0,1,2,2,1,9.0343777043845E-08,0,9.0343777043845E-08,3.10263870113616E-07,3.10263870113616E-07,1.55131935056808E-07
G131p1_Br_2,0.66,NT,Br,,20175430,593214,30569,0.0515311506471526,10,434.063693369971,332.95846370943,5424230,1866831,1559155,1327234,671010,3425986,1998244,5,9.21789820859366E-07,1,1.84357964171873E-07,0,0,0,0,0,0,3,0,0,1,1,0,1,0,0,0,0,4,1,0,0,0,0,2.00175754312286E-06,5.00439385780716E-07,0
G133p2_Br,0.66,NT,Br,,8437082,276171,193109,0.699237066889717,11,369.923250266568,2010.02932695257,32761468,11290525,9420910,8031257,4018776,20711435,12050033,13,3.96807615580596E-07,4,1.22094650947876E-07,1,0,0,1,1,0,2,2,0,6,0,0,3,1,2,0,1,2,8,0,9.65650134816829E-08,0,4.82825067408415E-08,1.65974649198056E-07,6.63898596792225E-07,0
G132p3_M_2,0.66,NT,M,,13476518,266165,93895,0.352769898371311,25,524.101069310558,1101.30443585496,17950161,6171680,5168164,4406131,2204186,11339844,6610317,12,6.68517680704925E-07,3,1.67129420176231E-07,0,0,0,0,4,0,1,1,0,4,1,1,1,2,0,0,4,2,5,1,0,0,3.52738538554851E-07,3.02557350880449E-07,7.56393377201124E-07,1.51278675440225E-07
G132p1_M,0.66,NT,M,,8667292,245467,120016,0.488929265440976,15,375.683642489865,1257.1633842567,20490506,7062216,5888186,5015673,2524431,12950402,7540104,15,7.32046343804297E-07,3,1.46409268760859E-07,0,0,4,0,3,0,2,0,2,3,1,0,1,2,0,0,7,3,3,2,0,0,5.40523761347331E-07,3.97872496188382E-07,3.97872496188382E-07,2.65248330792254E-07
G132p1_Br_2,0.66,NT,Br,,5962502,116015,60815,0.524199456966772,23,483.819285091543,700.460887170992,11416812,3907895,3292418,2812433,1404066,7200313,4216499,9,7.88311132740033E-07,0,0,0,0,2,0,1,0,1,0,0,5,0,0,0,0,0,0,3,1,5,0,0,0,4.16648554028137E-07,2.37163580496521E-07,1.1858179024826E-06,0
G140_Br,10,NT,Br,,5471794,11805,6140,0.52011859381618,102,465.199050257222,74.2736977728695,332168,110168,100940,82037,39023,211108,121060,1,3.01052479468221E-06,0,0,0,0,0,0,0,0,0,0,0,1,0,0,0,0,0,0,0,0,1,0,0,0,0,0,8.26036676028416E-06,0
G137p5_Li,0.66,NT,Li,,22826140,572263,295304,0.516028469427518,16,464.604334222145,3361.29099944782,54785682,18877543,15737006,13418815,6752318,34614549,20171133,26,4.74576550858671E-07,7,1.27770609846565E-07,0,0,3,0,3,1,3,3,0,9,2,2,4,3,0,1,6,5,12,2,0,2.88895862835018E-08,1.73337517701011E-07,2.47878986272115E-07,5.94909567053075E-07,9.91515945088459E-08
G134p7_M,0.66,NT,M,,14352140,495858,179378,0.361752759862703,4,302.149949413795,1517.96085649426,24741244,8568869,7126480,6006104,3039791,15695349,9045895,22,8.89203469316256E-07,10,4.04183395143753E-07,0,1,0,0,4,1,6,1,1,6,2,0,5,5,0,2,4,8,7,1,0,1.27426284053958E-07,2.54852568107915E-07,8.84379047070522E-07,7.73831666186707E-07,1.10547380883815E-07
G131_Br,10,NT,Br,,4489020,163199,55319,0.338966537785158,4,385.302873748789,591.200257684521,9635973,3309923,2780783,2355559,1189708,6090706,3545267,8,8.30222334578978E-07,7,7.26444542756606E-07,1,0,0,0,0,0,0,3,0,3,1,0,2,5,1,0,0,1,6,0,1.64184578930587E-07,0,0,2.82066202630155E-07,1.69239721578093E-06,0
G140p7_Br,0.66,NT,Br,,19692114,371557,99539,0.267896984850238,3,445.768957144074,1124.42849254556,18327060,6307526,5267836,4497030,2254668,11575362,6751698,16,8.73026006353447E-07,1,5.45641253970904E-08,0,0,1,0,2,0,3,1,0,6,3,0,1,0,0,0,3,6,7,0,0,0,2.59171160262634E-07,8.88665340185536E-07,1.03677623021646E-06,0
G140p6_M,0.66,NT,M,,3167970,76142,36378,0.477765228126395,3,481.898357607685,439.540278544696,7160847,2463214,2062996,1762428,872209,4526210,2634637,9,1.25683456160982E-06,2,2.79296569246627E-07,0,0,1,0,1,0,2,2,0,3,0,0,1,1,0,0,2,2,5,0,0,0,4.41870792561547E-07,7.59117859500189E-07,1.89779464875047E-06,0
G137p2_Br,0.66,NT,Br,,14114204,372850,222091,0.595657771221671,8,491.20905437625,2581.63243143751,42078027,14453975,12112256,10341562,5170234,26566231,15511796,25,5.94134320984204E-07,4,9.50614913574726E-08,0,0,0,0,3,0,4,2,2,12,2,0,3,1,0,0,3,6,14,2,0,0,1.12925314848011E-07,3.86802405085781E-07,9.02538945200156E-07,1.28934135028594E-07
G132p9_M,0.66,NT,M,,10290702,360344,99542,0.276241591368248,9,357.674324553231,1004.48641020922,16372124,5641324,4698579,4011123,2021098,10339903,6032221,11,6.71873728784365E-07,0,0,0,1,1,0,2,0,2,0,0,3,2,0,0,0,0,1,3,4,3,0,0,9.67127061056569E-08,2.90138118316971E-07,6.63105678654678E-07,4.97329258991009E-07,0
G132p8_Br,0.66,NT,Br,,10359592,319945,230424,0.720198784166029,11,375.549779614325,2419.26443340082,39431591,13584990,11333005,9667213,4846383,24917995,14513596,28,7.10090546435217E-07,4,1.01441506633602E-07,0,0,0,0,2,0,3,3,0,19,0,1,1,3,0,0,2,3,22,1,0,0,8.0263279609776E-08,2.0670273583473E-07,1.51582006278802E-06,6.89009119449101E-08
G134p7_Br,0.66,NT,Br,,4037958,154753,53957,0.348665292433749,6,359.634240624875,525.447941591509,8564276,2953343,2457823,2094978,1058132,5411166,3153110,6,7.00584614507986E-07,3,3.50292307253993E-07,0,0,1,0,1,0,0,0,0,3,1,0,2,1,0,0,2,1,3,0,0,0,3.69606107075628E-07,3.17147197528789E-07,9.51441592586367E-07,0
G131_M,10,NT,M,,8773372,253043,106237,0.419837735088503,13,473.682423870836,1224.09098717713,19951459,6873212,5735630,4885688,2456929,12608842,7342617,23,1.15279789813868E-06,14,7.01703068432239E-07,0,1,0,0,2,0,1,1,0,17,1,0,4,10,0,1,2,2,18,0,0,7.93094242913029E-08,1.58618848582606E-07,2.7238244892795E-07,2.45144204035155E-06,0
